{"cameraMode":{"drawMode":0,"name":"Shaded","section":"Shading Mode"},"sceneLighting":true,"audioPlay":false,"sceneViewState":{"showFog":true,"showMaterialUpdate":false,"showSkybox":true,"showFlares":true,"showImageEffects":true,"showParticleSystems":true},"in2DMode":false,"pivot":{"x":237.5954132080078,"y":3.7906408309936525,"z":214.7528839111328},"rotation":{"x":0.19096535444259644,"y":0.7957802414894104,"z":-0.31749823689460757,"w":0.4792748689651489},"size":9.278617858886719,"orthographic":false}