{"cameraMode":{"drawMode":0,"name":"Shaded","section":"Shading Mode"},"sceneLighting":true,"audioPlay":false,"sceneViewState":{"showFog":true,"showMaterialUpdate":false,"showSkybox":true,"showFlares":true,"showImageEffects":true,"showParticleSystems":true},"in2DMode":false,"pivot":{"x":234.29515075683595,"y":9.43393325805664,"z":208.6296844482422},"rotation":{"x":-0.32536932826042178,"y":-0.3053499460220337,"z":0.11223020404577255,"w":-0.8880349397659302},"size":1.6965142488479615,"orthographic":false}