{"cameraMode":{"drawMode":0,"name":"Shaded","section":"Shading Mode"},"sceneLighting":true,"audioPlay":false,"sceneViewState":{"showFog":true,"showMaterialUpdate":false,"showSkybox":true,"showFlares":true,"showImageEffects":true,"showParticleSystems":true},"in2DMode":false,"pivot":{"x":250.4587860107422,"y":25.52393341064453,"z":144.6770477294922},"rotation":{"x":-0.3536006510257721,"y":0.636921763420105,"z":-0.4093814492225647,"w":-0.5494594573974609},"size":11.038008689880371,"orthographic":false}