{"cameraMode":{"drawMode":0,"name":"Shaded","section":"Shading Mode"},"sceneLighting":true,"audioPlay":false,"sceneViewState":{"showFog":true,"showMaterialUpdate":false,"showSkybox":true,"showFlares":true,"showImageEffects":true,"showParticleSystems":true},"in2DMode":false,"pivot":{"x":187.4139862060547,"y":55.493988037109378,"z":157.39505004882813},"rotation":{"x":0.23550334572792054,"y":0.6471136808395386,"z":-0.22053313255310059,"w":0.6908300518989563},"size":7.385509490966797,"orthographic":false}